battery,group,ref_idx,date,capacity_Ah,soh
RW10,g1,65,15-May-2014 12:18:43,0.8168166666668737,38.98811279815948
RW11,g1,69,22-May-2014 04:10:12,0.8632638888887648,41.22583650201431
RW11,g1,72,27-May-2014 21:46:33,0.6929597222223671,33.09282894665556
RW11,g1,74,30-May-2014 12:07:37,0.8116316486113386,38.76009882514947
RW12,g1,15,03-Feb-2014 15:38:06,1.726194444444424,82.44638668411591
RW17,g5,2,15-Aug-2014 11:09:58,0.0,0.0
RW18,g5,2,14-Aug-2014 19:46:46,0.0,0.0
RW19,g5,1,15-Aug-2014 09:57:34,0.0,0.0
RW2,g3,19,18-Feb-2014 17:12:24,1.1111680555554737,55.924240517827926
RW4,g2,21,18-Mar-2014 09:39:00,1.3367249999999793,67.57018420215579
RW8,g3,12,04-Feb-2014 15:31:54,1.523204166666739,76.64123855141206
