battery,check_id,soh_true,fold,budget,seed,soh_pred
RW1,0,1.0,0,1.0,0,0.98453116
RW1,1,0.9802670752876338,0,1.0,0,0.97777635
RW1,2,0.9565216183750929,0,1.0,0,0.95360196
RW1,3,0.9339790204206347,0,1.0,0,0.9306092
RW1,4,0.9146940376750224,0,1.0,0,0.9061357
RW1,5,0.8911839245665371,0,1.0,0,0.883784
RW1,6,0.8763421303143164,0,1.0,0,0.860994
RW1,7,0.8561581297172293,0,1.0,0,0.84163237
RW1,8,0.8433079203727134,0,1.0,0,0.82400185
RW1,9,0.8224842210510717,0,1.0,0,0.80714655
RW1,10,0.8103568229633243,0,1.0,0,0.791518
RW1,11,0.7998003763340421,0,1.0,0,0.7775597
RW1,12,0.8088487095632187,0,1.0,0,0.7639798
RW1,13,0.7843175647994992,0,1.0,0,0.74745494
RW1,14,0.7703735760756814,0,1.0,0,0.7316729
RW1,15,0.7535480936807142,0,1.0,0,0.7143444
RW1,16,0.7275046205067329,0,1.0,0,0.69711673
RW1,17,0.7193999486186523,0,1.0,0,0.68150365
RW1,18,0.692610556793688,0,1.0,0,0.66542
RW1,19,0.6793568250462967,0,1.0,0,0.64624834
RW1,20,0.6705532526507081,0,1.0,0,0.6271742
RW1,21,0.6981110202679772,0,1.0,0,0.60540515
RW1,22,0.6247003756395969,0,1.0,0,0.584943
RW1,23,0.5832750085056947,0,1.0,0,0.56691945
RW13,0,1.0,0,1.0,0,1.0021917
RW13,1,0.965406142462438,0,1.0,0,0.96746373
RW13,2,0.9390282053526243,0,1.0,0,0.91870284
RW13,3,0.8973664410850068,0,1.0,0,0.8776218
RW13,4,0.8559853917191745,0,1.0,0,0.84115195
RW13,5,0.8236615111297403,0,1.0,0,0.80819094
RW13,6,0.7989888416994142,0,1.0,0,0.77726746
RW13,7,0.7751912982027924,0,1.0,0,0.7479881
RW13,8,0.7640716479571148,0,1.0,0,0.72041094
RW13,9,0.7489144784756683,0,1.0,0,0.69284046
RW13,10,0.7267880380307747,0,1.0,0,0.66503334
RW13,11,0.7055711236531398,0,1.0,0,0.63867104
RW13,12,0.681354367058826,0,1.0,0,0.61350644
RW13,13,0.632238066246379,0,1.0,0,0.5899146
RW13,14,0.6484083666650617,0,1.0,0,0.5664444
RW13,15,0.6525398272110188,0,1.0,0,0.5615889
RW13,16,0.6005328739937468,0,1.0,0,0.5391092
RW13,17,0.6018706654475305,0,1.0,0,0.5179629
RW13,18,0.5923899890205315,0,1.0,0,0.5001789
RW13,19,0.5612641015154616,0,1.0,0,0.48334098
RW13,20,0.5456961123316568,0,1.0,0,0.4673983
RW13,21,0.5329610199130828,0,1.0,0,0.4532547
RW13,22,0.513416008393162,0,1.0,0,0.43958217
RW17,0,1.0,0,1.0,0,1.0021907
RW17,1,1.0026357949563962,0,1.0,0,1.0140139
RW17,2,0.9394918329295381,0,1.0,0,0.9619733
RW17,3,0.9184088724104814,0,1.0,0,0.93278277
RW17,4,0.8911584681985729,0,1.0,0,0.9045623
RW17,5,0.8589631609072765,0,1.0,0,0.87866473
RW17,6,0.8291575425450128,0,1.0,0,0.85307145
RW17,7,0.7987386988534076,0,1.0,0,0.8283516
RW17,8,0.7751485975307869,0,1.0,0,0.8046031
RW17,9,0.756656843774444,0,1.0,0,0.7797601
RW17,10,0.7426667041719264,0,1.0,0,0.75455105
RW17,11,0.7130644081290144,0,1.0,0,0.7284299
RW17,12,0.6970482137460301,0,1.0,0,0.7056173
RW17,13,0.6802011348844728,0,1.0,0,0.68360955
RW17,14,0.6582592678998883,0,1.0,0,0.6626573
RW17,15,0.6398762010019141,0,1.0,0,0.64302135
RW17,16,0.6204725968210568,0,1.0,0,0.6233077
RW17,17,0.6239733900924819,0,1.0,0,0.6206044
RW17,18,0.5987008167774444,0,1.0,0,0.602798
RW17,19,0.5772080177645994,0,1.0,0,0.58758175
RW17,20,0.566682764841642,0,1.0,0,0.5729376
RW17,21,0.5622090221375536,0,1.0,0,0.5596828
RW17,22,0.5447943351336495,0,1.0,0,0.5470121
RW17,23,0.5353719031237376,0,1.0,0,0.5348285
RW17,24,0.5321386201162224,0,1.0,0,0.52400917
RW17,25,0.5256696552882916,0,1.0,0,0.5140217
RW17,26,0.5216566461738521,0,1.0,0,0.5044447
RW17,27,0.5142014944571648,0,1.0,0,0.4958272
RW21,0,1.0,0,1.0,0,1.001838
RW21,1,0.9740724898567775,0,1.0,0,0.9700632
RW21,2,0.9527184796006276,0,1.0,0,0.9260483
RW21,3,0.9282169542090231,0,1.0,0,0.8868307
RW21,4,0.8955478419839256,0,1.0,0,0.8507203
RW21,5,0.8573416928236135,0,1.0,0,0.818292
RW21,6,0.8262560190318581,0,1.0,0,0.78927064
RW21,7,0.8028064819028633,0,1.0,0,0.76277065
RW21,8,0.7893600413911868,0,1.0,0,0.7380278
RW21,9,0.775128424104771,0,1.0,0,0.71390784
RW21,10,0.7694576973245436,0,1.0,0,0.6915604
RW25,0,1.0,0,1.0,0,1.001779
RW25,1,0.968918095597688,0,1.0,0,0.98371756
RW25,2,0.9414534545922638,0,1.0,0,0.9602773
RW25,3,0.9123147456691004,0,1.0,0,0.93755233
RW25,4,0.888189503733068,0,1.0,0,0.916738
RW25,5,0.8696823709546798,0,1.0,0,0.89638996
RW25,6,0.8537549502050074,0,1.0,0,0.87672764
RW25,7,0.8375259921719959,0,1.0,0,0.8563118
RW25,8,0.8193673257776384,0,1.0,0,0.83520997
RW25,9,0.8135065611667396,0,1.0,0,0.81424797
RW25,10,0.803434694880542,0,1.0,0,0.7925702
RW25,11,0.7943807611523241,0,1.0,0,0.76964223
RW25,12,0.7853815339720616,0,1.0,0,0.7463858
RW3,0,1.0,0,1.0,0,0.9931347
RW3,1,0.9687426932522573,0,1.0,0,0.97669774
RW3,2,0.929211084462392,0,1.0,0,0.9456757
RW3,3,0.8970072599473418,0,1.0,0,0.91685754
RW3,4,0.8739883587909667,0,1.0,0,0.8903297
RW3,5,0.8483648360418079,0,1.0,0,0.86901784
RW3,6,0.834035367164592,0,1.0,0,0.84594154
RW3,7,0.8165629846823869,0,1.0,0,0.82459915
RW3,8,0.7932890383246501,0,1.0,0,0.803946
RW3,9,0.8102317992092032,0,1.0,0,0.7876792
RW3,10,0.7772348372341118,0,1.0,0,0.7642066
RW3,11,0.758047293748471,0,1.0,0,0.7429352
RW3,12,0.7406746149745171,0,1.0,0,0.7236811
RW3,13,0.7142042200057844,0,1.0,0,0.70569664
RW3,14,0.6871908455658011,0,1.0,0,0.69021606
RW3,15,0.6654079726651321,0,1.0,0,0.6762587
RW3,16,0.6625411808641404,0,1.0,0,0.6660768
RW3,17,0.6492046234819603,0,1.0,0,0.6552805
RW3,18,0.6150347872417288,0,1.0,0,0.6471838
RW3,19,0.6042370279644296,0,1.0,0,0.63799083
RW3,20,0.5462918454573739,0,1.0,0,0.6297054
RW3,21,0.5294258363488458,0,1.0,0,0.6240888
RW9,0,1.0,0,1.0,0,1.002109
RW9,1,0.9744806801719121,0,1.0,0,0.97324926
RW9,2,0.9453104679064025,0,1.0,0,0.93603075
RW9,3,0.911360857317688,0,1.0,0,0.90428615
RW9,4,0.8847866727225885,0,1.0,0,0.8738314
RW9,5,0.8406944835087043,0,1.0,0,0.84793556
RW9,6,0.8176901280788624,0,1.0,0,0.82322955
RW9,7,0.7864030549959673,0,1.0,0,0.8009442
RW9,8,0.7628733089042045,0,1.0,0,0.7801894
RW9,9,0.7266047623827654,0,1.0,0,0.76219296
RW9,10,0.6950317886415597,0,1.0,0,0.746742
RW9,11,0.6756574638458637,0,1.0,0,0.7321162
RW9,12,0.6603653366488433,0,1.0,0,0.7196648
RW9,13,0.6964212062092479,0,1.0,0,0.71822643
RW9,14,0.6472003063742006,0,1.0,0,0.7064405
RW9,15,0.6351750298406914,0,1.0,0,0.69649905
RW9,16,0.6165428117187594,0,1.0,0,0.6867956
RW9,17,0.5964223557750638,0,1.0,0,0.67744386
RW9,18,0.59783807785969,0,1.0,0,0.6690755
RW9,19,0.5791340224765132,0,1.0,0,0.6602707
RW9,20,0.572651808445847,0,1.0,0,0.6518702
RW9,21,0.5654329871052775,0,1.0,0,0.64380056
RW9,22,0.5530896777273546,0,1.0,0,0.6358024
RW9,23,0.542052740223641,0,1.0,0,0.627508
RW9,24,0.534245247108605,0,1.0,0,0.6194519
RW9,25,0.5310967487165805,0,1.0,0,0.6118498
RW9,26,0.5130674490339593,0,1.0,0,0.60338783
RW9,27,0.5178543420622359,0,1.0,0,0.5947098
RW9,28,0.5073736155103112,0,1.0,0,0.5856072
RW9,29,0.5062313423318389,0,1.0,0,0.57726836
RW9,30,0.4936209036779812,0,1.0,0,0.5676173
RW9,31,0.4789604612310552,0,1.0,0,0.55824196
RW9,32,0.5040541243406096,0,1.0,0,0.55211145
RW9,33,0.4707276486475776,0,1.0,0,0.5411595
RW9,34,0.45110138474628303,0,1.0,0,0.5306162
RW9,35,0.4162269401905226,0,1.0,0,0.51986307
RW9,36,0.39630758405323846,0,1.0,0,0.50996506
RW9,37,0.37288217447495453,0,1.0,0,0.50022274
RW9,38,0.3621987887485223,0,1.0,0,0.49038208
RW9,39,0.3575388160665002,0,1.0,0,0.48056
RW1,0,1.0,0,0.5,0,0.99290115
RW1,1,0.9802670752876338,0,0.5,0,0.98057216
RW1,2,0.9565216183750929,0,0.5,0,0.95638275
RW1,3,0.9339790204206347,0,0.5,0,0.93355966
RW1,4,0.9146940376750224,0,0.5,0,0.90920526
RW1,5,0.8911839245665371,0,0.5,0,0.88676053
RW1,6,0.8763421303143164,0,0.5,0,0.8638606
RW1,7,0.8561581297172293,0,0.5,0,0.8442583
RW1,8,0.8433079203727134,0,0.5,0,0.82639354
RW1,9,0.8224842210510717,0,0.5,0,0.8092503
RW1,10,0.8103568229633243,0,0.5,0,0.7932971
RW1,11,0.7998003763340421,0,0.5,0,0.7789985
RW1,12,0.8088487095632187,0,0.5,0,0.7652305
RW1,13,0.7843175647994992,0,0.5,0,0.7483079
RW1,14,0.7703735760756814,0,0.5,0,0.732092
RW1,15,0.7535480936807142,0,0.5,0,0.7141963
RW1,16,0.7275046205067329,0,0.5,0,0.6963211
RW1,17,0.7193999486186523,0,0.5,0,0.68013644
RW1,18,0.692610556793688,0,0.5,0,0.6633511
RW1,19,0.6793568250462967,0,0.5,0,0.6433557
RW1,20,0.6705532526507081,0,0.5,0,0.62331104
RW1,21,0.6981110202679772,0,0.5,0,0.6007438
RW1,22,0.6247003756395969,0,0.5,0,0.57922685
RW1,23,0.5832750085056947,0,0.5,0,0.5603852
RW13,0,1.0,0,0.5,0,1.0083401
RW13,1,0.965406142462438,0,0.5,0,0.97129333
RW13,2,0.9390282053526243,0,0.5,0,0.9231722
RW13,3,0.8973664410850068,0,0.5,0,0.8820537
RW13,4,0.8559853917191745,0,0.5,0,0.84525836
RW13,5,0.8236615111297403,0,0.5,0,0.8118497
RW13,6,0.7989888416994142,0,0.5,0,0.78036034
RW13,7,0.7751912982027924,0,0.5,0,0.75051844
RW13,8,0.7640716479571148,0,0.5,0,0.72242177
RW13,9,0.7489144784756683,0,0.5,0,0.6942811
RW13,10,0.7267880380307747,0,0.5,0,0.66585463
RW13,11,0.7055711236531398,0,0.5,0,0.63890237
RW13,12,0.681354367058826,0,0.5,0,0.6131616
RW13,13,0.632238066246379,0,0.5,0,0.5889641
RW13,14,0.6484083666650617,0,0.5,0,0.564816
RW13,15,0.6525398272110188,0,0.5,0,0.5598111
RW13,16,0.6005328739937468,0,0.5,0,0.5365894
RW13,17,0.6018706654475305,0,0.5,0,0.51464856
RW13,18,0.5923899890205315,0,0.5,0,0.49609977
RW13,19,0.5612641015154616,0,0.5,0,0.4784783
RW13,20,0.5456961123316568,0,0.5,0,0.4616421
RW13,21,0.5329610199130828,0,0.5,0,0.4466048
RW13,22,0.513416008393162,0,0.5,0,0.43194234
RW17,0,1.0,0,0.5,0,1.0083381
RW17,1,1.0026357949563962,0,0.5,0,1.0188506
RW17,2,0.9394918329295381,0,0.5,0,0.9615443
RW17,3,0.9184088724104814,0,0.5,0,0.9347115
RW17,4,0.8911584681985729,0,0.5,0,0.90821075
RW17,5,0.8589631609072765,0,0.5,0,0.8835967
RW17,6,0.8291575425450128,0,0.5,0,0.8586881
RW17,7,0.7987386988534076,0,0.5,0,0.834
RW17,8,0.7751485975307869,0,0.5,0,0.80979824
RW17,9,0.756656843774444,0,0.5,0,0.78413886
RW17,10,0.7426667041719264,0,0.5,0,0.757926
RW17,11,0.7130644081290144,0,0.5,0,0.73069006
RW17,12,0.6970482137460301,0,0.5,0,0.7071185
RW17,13,0.6802011348844728,0,0.5,0,0.6846077
RW17,14,0.6582592678998883,0,0.5,0,0.6633768
RW17,15,0.6398762010019141,0,0.5,0,0.6437023
RW17,16,0.6204725968210568,0,0.5,0,0.62405276
RW17,17,0.6239733900924819,0,0.5,0,0.6213503
RW17,18,0.5987008167774444,0,0.5,0,0.60378826
RW17,19,0.5772080177645994,0,0.5,0,0.5889417
RW17,20,0.566682764841642,0,0.5,0,0.5747038
RW17,21,0.5622090221375536,0,0.5,0,0.561863
RW17,22,0.5447943351336495,0,0.5,0,0.54956484
RW17,23,0.5353719031237376,0,0.5,0,0.537717
RW17,24,0.5321386201162224,0,0.5,0,0.5271785
RW17,25,0.5256696552882916,0,0.5,0,0.51740825
RW17,26,0.5216566461738521,0,0.5,0,0.5079583
RW17,27,0.5142014944571648,0,0.5,0,0.49940258
RW21,0,1.0,0,0.5,0,1.0077456
RW21,1,0.9740724898567775,0,0.5,0,0.973648
RW21,2,0.9527184796006276,0,0.5,0,0.9300423
RW21,3,0.9282169542090231,0,0.5,0,0.890891
RW21,4,0.8955478419839256,0,0.5,0,0.8545929
RW21,5,0.8573416928236135,0,0.5,0,0.8217642
RW21,6,0.8262560190318581,0,0.5,0,0.7922066
RW21,7,0.8028064819028633,0,0.5,0,0.7651135
RW21,8,0.7893600413911868,0,0.5,0,0.739738
RW21,9,0.775128424104771,0,0.5,0,0.71491325
RW21,10,0.7694576973245436,0,0.5,0,0.69194245
RW25,0,1.0,0,0.5,0,1.007694
RW25,1,0.968918095597688,0,0.5,0,0.9836236
RW25,2,0.9414534545922638,0,0.5,0,0.96146476
RW25,3,0.9123147456691004,0,0.5,0,0.93985903
RW25,4,0.888189503733068,0,0.5,0,0.92018163
RW25,5,0.8696823709546798,0,0.5,0,0.9006363
RW25,6,0.8537549502050074,0,0.5,0,0.8817178
RW25,7,0.8375259921719959,0,0.5,0,0.86173236
RW25,8,0.8193673257776384,0,0.5,0,0.84073806
RW25,9,0.8135065611667396,0,0.5,0,0.8195776
RW25,10,0.803434694880542,0,0.5,0,0.79740757
RW25,11,0.7943807611523241,0,0.5,0,0.7737227
RW25,12,0.7853815339720616,0,0.5,0,0.74950254
RW3,0,1.0,0,0.5,0,1.000403
RW3,1,0.9687426932522573,0,0.5,0,0.97977555
RW3,2,0.929211084462392,0,0.5,0,0.9486649
RW3,3,0.8970072599473418,0,0.5,0,0.91988075
RW3,4,0.8739883587909667,0,0.5,0,0.8934833
RW3,5,0.8483648360418079,0,0.5,0,0.87209123
RW3,6,0.834035367164592,0,0.5,0,0.84920335
RW3,7,0.8165629846823869,0,0.5,0,0.8271418
RW3,8,0.7932890383246501,0,0.5,0,0.8057166
RW3,9,0.8102317992092032,0,0.5,0,0.78895026
RW3,10,0.7772348372341118,0,0.5,0,0.7644663
RW3,11,0.758047293748471,0,0.5,0,0.7421552
RW3,12,0.7406746149745171,0,0.5,0,0.7218611
RW3,13,0.7142042200057844,0,0.5,0,0.7026456
RW3,14,0.6871908455658011,0,0.5,0,0.6857765
RW3,15,0.6654079726651321,0,0.5,0,0.67033637
RW3,16,0.6625411808641404,0,0.5,0,0.65866196
RW3,17,0.6492046234819603,0,0.5,0,0.6465967
RW3,18,0.6150347872417288,0,0.5,0,0.63756436
RW3,19,0.6042370279644296,0,0.5,0,0.62734413
RW3,20,0.5462918454573739,0,0.5,0,0.61804914
RW3,21,0.5294258363488458,0,0.5,0,0.611386
RW9,0,1.0,0,0.5,0,1.008217
RW9,1,0.9744806801719121,0,0.5,0,0.97360635
RW9,2,0.9453104679064025,0,0.5,0,0.9372069
RW9,3,0.911360857317688,0,0.5,0,0.9060713
RW9,4,0.8847866727225885,0,0.5,0,0.87612796
RW9,5,0.8406944835087043,0,0.5,0,0.8505753
RW9,6,0.8176901280788624,0,0.5,0,0.8261883
RW9,7,0.7864030549959673,0,0.5,0,0.8040476
RW9,8,0.7628733089042045,0,0.5,0,0.7835252
RW9,9,0.7266047623827654,0,0.5,0,0.7655687
RW9,10,0.6950317886415597,0,0.5,0,0.7501072
RW9,11,0.6756574638458637,0,0.5,0,0.7354094
RW9,12,0.6603653366488433,0,0.5,0,0.7228623
RW9,13,0.6964212062092479,0,0.5,0,0.72119266
RW9,14,0.6472003063742006,0,0.5,0,0.7092742
RW9,15,0.6351750298406914,0,0.5,0,0.6991248
RW9,16,0.6165428117187594,0,0.5,0,0.68928516
RW9,17,0.5964223557750638,0,0.5,0,0.67980736
RW9,18,0.59783807785969,0,0.5,0,0.67130804
RW9,19,0.5791340224765132,0,0.5,0,0.6623287
RW9,20,0.572651808445847,0,0.5,0,0.6537757
RW9,21,0.5654329871052775,0,0.5,0,0.6455364
RW9,22,0.5530896777273546,0,0.5,0,0.63735354
RW9,23,0.542052740223641,0,0.5,0,0.62890095
RW9,24,0.534245247108605,0,0.5,0,0.620687
RW9,25,0.5310967487165805,0,0.5,0,0.612882
RW9,26,0.5130674490339593,0,0.5,0,0.60422087
RW9,27,0.5178543420622359,0,0.5,0,0.59537077
RW9,28,0.5073736155103112,0,0.5,0,0.5861092
RW9,29,0.5062313423318389,0,0.5,0,0.57759875
RW9,30,0.4936209036779812,0,0.5,0,0.56777036
RW9,31,0.4789604612310552,0,0.5,0,0.5582118
RW9,32,0.5040541243406096,0,0.5,0,0.5511483
RW9,33,0.4707276486475776,0,0.5,0,0.5399829
RW9,34,0.45110138474628303,0,0.5,0,0.5292436
RW9,35,0.4162269401905226,0,0.5,0,0.51826096
RW9,36,0.39630758405323846,0,0.5,0,0.50807774
RW9,37,0.37288217447495453,0,0.5,0,0.4980064
RW9,38,0.3621987887485223,0,0.5,0,0.48781425
RW9,39,0.3575388160665002,0,0.5,0,0.47762215
RW1,0,1.0,0,0.25,0,0.9826004
RW1,1,0.9802670752876338,0,0.25,0,0.97470623
RW1,2,0.9565216183750929,0,0.25,0,0.95101523
RW1,3,0.9339790204206347,0,0.25,0,0.9282088
RW1,4,0.9146940376750224,0,0.25,0,0.90362287
RW1,5,0.8911839245665371,0,0.25,0,0.88108045
RW1,6,0.8763421303143164,0,0.25,0,0.8580568
RW1,7,0.8561581297172293,0,0.25,0,0.83830523
RW1,8,0.8433079203727134,0,0.25,0,0.82030344
RW1,9,0.8224842210510717,0,0.25,0,0.8029102
RW1,10,0.8103568229633243,0,0.25,0,0.78681487
RW1,11,0.7998003763340421,0,0.25,0,0.772387
RW1,12,0.8088487095632187,0,0.25,0,0.7574945
RW1,13,0.7843175647994992,0,0.25,0,0.7403532
RW1,14,0.7703735760756814,0,0.25,0,0.72443247
RW1,15,0.7535480936807142,0,0.25,0,0.7075753
RW1,16,0.7275046205067329,0,0.25,0,0.69139624
RW1,17,0.7193999486186523,0,0.25,0,0.67725873
RW1,18,0.692610556793688,0,0.25,0,0.66315687
RW1,19,0.6793568250462967,0,0.25,0,0.6469233
RW1,20,0.6705532526507081,0,0.25,0,0.6311166
RW1,21,0.6981110202679772,0,0.25,0,0.6136626
RW1,22,0.6247003756395969,0,0.25,0,0.5972532
RW1,23,0.5832750085056947,0,0.25,0,0.58288467
RW13,0,1.0,0,0.25,0,1.0031468
RW13,1,0.965406142462438,0,0.25,0,0.96502376
RW13,2,0.9390282053526243,0,0.25,0,0.9144058
RW13,3,0.8973664410850068,0,0.25,0,0.8727217
RW13,4,0.8559853917191745,0,0.25,0,0.8354
RW13,5,0.8236615111297403,0,0.25,0,0.80163217
RW13,6,0.7989888416994142,0,0.25,0,0.7701988
RW13,7,0.7751912982027924,0,0.25,0,0.7409234
RW13,8,0.7640716479571148,0,0.25,0,0.71402764
RW13,9,0.7489144784756683,0,0.25,0,0.68791765
RW13,10,0.7267880380307747,0,0.25,0,0.6623714
RW13,11,0.7055711236531398,0,0.25,0,0.6388225
RW13,12,0.681354367058826,0,0.25,0,0.6168401
RW13,13,0.632238066246379,0,0.25,0,0.59648955
RW13,14,0.6484083666650617,0,0.25,0,0.57634664
RW13,15,0.6525398272110188,0,0.25,0,0.5721607
RW13,16,0.6005328739937468,0,0.25,0,0.5527278
RW13,17,0.6018706654475305,0,0.25,0,0.5341568
RW13,18,0.5923899890205315,0,0.25,0,0.51821196
RW13,19,0.5612641015154616,0,0.25,0,0.5025821
RW13,20,0.5456961123316568,0,0.25,0,0.48738474
RW13,21,0.5329610199130828,0,0.25,0,0.47338277
RW13,22,0.513416008393162,0,0.25,0,0.45938325
RW17,0,1.0,0,0.25,0,1.0031337
RW17,1,1.0026357949563962,0,0.25,0,1.0109156
RW17,2,0.9394918329295381,0,0.25,0,0.96868837
RW17,3,0.9184088724104814,0,0.25,0,0.9391031
RW17,4,0.8911584681985729,0,0.25,0,0.90803164
RW17,5,0.8589631609072765,0,0.25,0,0.8790643
RW17,6,0.8291575425450128,0,0.25,0,0.85044336
RW17,7,0.7987386988534076,0,0.25,0,0.8236512
RW17,8,0.7751485975307869,0,0.25,0,0.7989127
RW17,9,0.756656843774444,0,0.25,0,0.77395976
RW17,10,0.7426667041719264,0,0.25,0,0.7494401
RW17,11,0.7130644081290144,0,0.25,0,0.72446966
RW17,12,0.6970482137460301,0,0.25,0,0.7034278
RW17,13,0.6802011348844728,0,0.25,0,0.68323594
RW17,14,0.6582592678998883,0,0.25,0,0.66383624
RW17,15,0.6398762010019141,0,0.25,0,0.64542466
RW17,16,0.6204725968210568,0,0.25,0,0.62647784
RW17,17,0.6239733900924819,0,0.25,0,0.623915
RW17,18,0.5987008167774444,0,0.25,0,0.6063052
RW17,19,0.5772080177645994,0,0.25,0,0.5908543
RW17,20,0.566682764841642,0,0.25,0,0.5755309
RW17,21,0.5622090221375536,0,0.25,0,0.5611469
RW17,22,0.5447943351336495,0,0.25,0,0.5469285
RW17,23,0.5353719031237376,0,0.25,0,0.53286386
RW17,24,0.5321386201162224,0,0.25,0,0.51988363
RW17,25,0.5256696552882916,0,0.25,0,0.50747716
RW17,26,0.5216566461738521,0,0.25,0,0.49533468
RW17,27,0.5142014944571648,0,0.25,0,0.48402035
RW21,0,1.0,0,0.25,0,1.003038
RW21,1,0.9740724898567775,0,0.25,0,0.9677507
RW21,2,0.9527184796006276,0,0.25,0,0.92343926
RW21,3,0.9282169542090231,0,0.25,0,0.88350797
RW21,4,0.8955478419839256,0,0.25,0,0.84647167
RW21,5,0.8573416928236135,0,0.25,0,0.81309927
RW21,6,0.8262560190318581,0,0.25,0,0.78327453
RW21,7,0.8028064819028633,0,0.25,0,0.75629663
RW21,8,0.7893600413911868,0,0.25,0,0.73154604
RW21,9,0.775128424104771,0,0.25,0,0.70801485
RW21,10,0.7694576973245436,0,0.25,0,0.6868037
RW25,0,1.0,0,0.25,0,1.0029762
RW25,1,0.968918095597688,0,0.25,0,0.99158174
RW25,2,0.9414534545922638,0,0.25,0,0.96745276
RW25,3,0.9123147456691004,0,0.25,0,0.94326526
RW25,4,0.888189503733068,0,0.25,0,0.9208673
RW25,5,0.8696823709546798,0,0.25,0,0.89868534
RW25,6,0.8537549502050074,0,0.25,0,0.87723714
RW25,7,0.8375259921719959,0,0.25,0,0.8550718
RW25,8,0.8193673257776384,0,0.25,0,0.8324499
RW25,9,0.8135065611667396,0,0.25,0,0.81046
RW25,10,0.803434694880542,0,0.25,0,0.7881205
RW25,11,0.7943807611523241,0,0.25,0,0.7650833
RW25,12,0.7853815339720616,0,0.25,0,0.7421006
RW3,0,1.0,0,0.25,0,0.99262995
RW3,1,0.9687426932522573,0,0.25,0,0.9739068
RW3,2,0.929211084462392,0,0.25,0,0.9430533
RW3,3,0.8970072599473418,0,0.25,0,0.9139159
RW3,4,0.8739883587909667,0,0.25,0,0.886739
RW3,5,0.8483648360418079,0,0.25,0,0.8605108
RW3,6,0.834035367164592,0,0.25,0,0.8397953
RW3,7,0.8165629846823869,0,0.25,0,0.8231862
RW3,8,0.7932890383246501,0,0.25,0,0.8063066
RW3,9,0.8102317992092032,0,0.25,0,0.79210335
RW3,10,0.7772348372341118,0,0.25,0,0.76925397
RW3,11,0.758047293748471,0,0.25,0,0.7473883
RW3,12,0.7406746149745171,0,0.25,0,0.7271081
RW3,13,0.7142042200057844,0,0.25,0,0.7079432
RW3,14,0.6871908455658011,0,0.25,0,0.6914525
RW3,15,0.6654079726651321,0,0.25,0,0.6765897
RW3,16,0.6625411808641404,0,0.25,0,0.66582555
RW3,17,0.6492046234819603,0,0.25,0,0.65475905
RW3,18,0.6150347872417288,0,0.25,0,0.6467385
RW3,19,0.6042370279644296,0,0.25,0,0.63759714
RW3,20,0.5462918454573739,0,0.25,0,0.6291332
RW3,21,0.5294258363488458,0,0.25,0,0.62288636
RW9,0,1.0,0,0.25,0,1.0030909
RW9,1,0.9744806801719121,0,0.25,0,0.97393847
RW9,2,0.9453104679064025,0,0.25,0,0.9377457
RW9,3,0.911360857317688,0,0.25,0,0.9066663
RW9,4,0.8847866727225885,0,0.25,0,0.8769515
RW9,5,0.8406944835087043,0,0.25,0,0.8515254
RW9,6,0.8176901280788624,0,0.25,0,0.82733333
RW9,7,0.7864030549959673,0,0.25,0,0.8056494
RW9,8,0.7628733089042045,0,0.25,0,0.78541553
RW9,9,0.7266047623827654,0,0.25,0,0.76806724
RW9,10,0.6950317886415597,0,0.25,0,0.75330806
RW9,11,0.6756574638458637,0,0.25,0,0.7393191
RW9,12,0.6603653366488433,0,0.25,0,0.72753257
RW9,13,0.6964212062092479,0,0.25,0,0.72031057
RW9,14,0.6472003063742006,0,0.25,0,0.7090006
RW9,15,0.6351750298406914,0,0.25,0,0.6995918
RW9,16,0.6165428117187594,0,0.25,0,0.69029933
RW9,17,0.5964223557750638,0,0.25,0,0.68152535
RW9,18,0.59783807785969,0,0.25,0,0.67340934
RW9,19,0.5791340224765132,0,0.25,0,0.66504866
RW9,20,0.572651808445847,0,0.25,0,0.6568297
RW9,21,0.5654329871052775,0,0.25,0,0.648988
RW9,22,0.5530896777273546,0,0.25,0,0.6409783
RW9,23,0.542052740223641,0,0.25,0,0.6327208
RW9,24,0.534245247108605,0,0.25,0,0.6244274
RW9,25,0.5310967487165805,0,0.25,0,0.61646664
RW9,26,0.5130674490339593,0,0.25,0,0.6076324
RW9,27,0.5178543420622359,0,0.25,0,0.5985724
RW9,28,0.5073736155103112,0,0.25,0,0.58908355
RW9,29,0.5062313423318389,0,0.25,0,0.5802127
RW9,30,0.4936209036779812,0,0.25,0,0.5700174
RW9,31,0.4789604612310552,0,0.25,0,0.56007504
RW9,32,0.5040541243406096,0,0.25,0,0.55156875
RW9,33,0.4707276486475776,0,0.25,0,0.54008436
RW9,34,0.45110138474628303,0,0.25,0,0.52901447
RW9,35,0.4162269401905226,0,0.25,0,0.517655
RW9,36,0.39630758405323846,0,0.25,0,0.50709224
RW9,37,0.37288217447495453,0,0.25,0,0.4966662
RW9,38,0.3621987887485223,0,0.25,0,0.48616207
RW9,39,0.3575388160665002,0,0.25,0,0.4757195
RW1,0,1.0,0,0.1,0,0.9898209
RW1,1,0.9802670752876338,0,0.1,0,0.96401006
RW1,2,0.9565216183750929,0,0.1,0,0.94435143
RW1,3,0.9339790204206347,0,0.1,0,0.9239465
RW1,4,0.9146940376750224,0,0.1,0,0.90173244
RW1,5,0.8911839245665371,0,0.1,0,0.8817741
RW1,6,0.8763421303143164,0,0.1,0,0.8606019
RW1,7,0.8561581297172293,0,0.1,0,0.84283483
RW1,8,0.8433079203727134,0,0.1,0,0.82605827
RW1,9,0.8224842210510717,0,0.1,0,0.8099903
RW1,10,0.8103568229633243,0,0.1,0,0.7949335
RW1,11,0.7998003763340421,0,0.1,0,0.78156155
RW1,12,0.8088487095632187,0,0.1,0,0.76892054
RW1,13,0.7843175647994992,0,0.1,0,0.75359523
RW1,14,0.7703735760756814,0,0.1,0,0.7392656
RW1,15,0.7535480936807142,0,0.1,0,0.72396857
RW1,16,0.7275046205067329,0,0.1,0,0.70924515
RW1,17,0.7193999486186523,0,0.1,0,0.69599414
RW1,18,0.692610556793688,0,0.1,0,0.68270814
RW1,19,0.6793568250462967,0,0.1,0,0.66663504
RW1,20,0.6705532526507081,0,0.1,0,0.6512593
RW1,21,0.6981110202679772,0,0.1,0,0.6315166
RW1,22,0.6247003756395969,0,0.1,0,0.61464036
RW1,23,0.5832750085056947,0,0.1,0,0.5989601
RW13,0,1.0,0,0.1,0,1.0022682
RW13,1,0.965406142462438,0,0.1,0,0.9504542
RW13,2,0.9390282053526243,0,0.1,0,0.9075214
RW13,3,0.8973664410850068,0,0.1,0,0.8711771
RW13,4,0.8559853917191745,0,0.1,0,0.83840245
RW13,5,0.8236615111297403,0,0.1,0,0.8082446
RW13,6,0.7989888416994142,0,0.1,0,0.77958596
RW13,7,0.7751912982027924,0,0.1,0,0.75210196
RW13,8,0.7640716479571148,0,0.1,0,0.72594386
RW13,9,0.7489144784756683,0,0.1,0,0.6995988
RW13,10,0.7267880380307747,0,0.1,0,0.6731379
RW13,11,0.7055711236531398,0,0.1,0,0.64772946
RW13,12,0.681354367058826,0,0.1,0,0.6231266
RW13,13,0.632238066246379,0,0.1,0,0.6000156
RW13,14,0.6484083666650617,0,0.1,0,0.5769371
RW13,15,0.6525398272110188,0,0.1,0,0.5721705
RW13,16,0.6005328739937468,0,0.1,0,0.5499743
RW13,17,0.6018706654475305,0,0.1,0,0.5292015
RW13,18,0.5923899890205315,0,0.1,0,0.5119507
RW13,19,0.5612641015154616,0,0.1,0,0.4958809
RW13,20,0.5456961123316568,0,0.1,0,0.48139298
RW13,21,0.5329610199130828,0,0.1,0,0.46923125
RW13,22,0.513416008393162,0,0.1,0,0.45840096
RW17,0,1.0,0,0.1,0,1.0022833
RW17,1,1.0026357949563962,0,0.1,0,0.9831929
RW17,2,0.9394918329295381,0,0.1,0,0.9713929
RW17,3,0.9184088724104814,0,0.1,0,0.94223136
RW17,4,0.8911584681985729,0,0.1,0,0.910374
RW17,5,0.8589631609072765,0,0.1,0,0.8803451
RW17,6,0.8291575425450128,0,0.1,0,0.8508734
RW17,7,0.7987386988534076,0,0.1,0,0.82210445
RW17,8,0.7751485975307869,0,0.1,0,0.7948391
RW17,9,0.756656843774444,0,0.1,0,0.76727605
RW17,10,0.7426667041719264,0,0.1,0,0.74017894
RW17,11,0.7130644081290144,0,0.1,0,0.7133764
RW17,12,0.6970482137460301,0,0.1,0,0.68900645
RW17,13,0.6802011348844728,0,0.1,0,0.6655406
RW17,14,0.6582592678998883,0,0.1,0,0.643364
RW17,15,0.6398762010019141,0,0.1,0,0.62259114
RW17,16,0.6204725968210568,0,0.1,0,0.60225374
RW17,17,0.6239733900924819,0,0.1,0,0.5996093
RW17,18,0.5987008167774444,0,0.1,0,0.5812978
RW17,19,0.5772080177645994,0,0.1,0,0.5655743
RW17,20,0.566682764841642,0,0.1,0,0.55073506
RW17,21,0.5622090221375536,0,0.1,0,0.5375429
RW17,22,0.5447943351336495,0,0.1,0,0.52539307
RW17,23,0.5353719031237376,0,0.1,0,0.51413
RW17,24,0.5321386201162224,0,0.1,0,0.50452363
RW17,25,0.5256696552882916,0,0.1,0,0.49611497
RW17,26,0.5216566461738521,0,0.1,0,0.48859894
RW17,27,0.5142014944571648,0,0.1,0,0.48233312
RW21,0,1.0,0,0.1,0,1.0026503
RW21,1,0.9740724898567775,0,0.1,0,0.9541575
RW21,2,0.9527184796006276,0,0.1,0,0.91562116
RW21,3,0.9282169542090231,0,0.1,0,0.8807442
RW21,4,0.8955478419839256,0,0.1,0,0.84811735
RW21,5,0.8573416928236135,0,0.1,0,0.8185327
RW21,6,0.8262560190318581,0,0.1,0,0.79188436
RW21,7,0.8028064819028633,0,0.1,0,0.767454
RW21,8,0.7893600413911868,0,0.1,0,0.7446604
RW21,9,0.775128424104771,0,0.1,0,0.7226396
RW21,10,0.7694576973245436,0,0.1,0,0.70219356
RW25,0,1.0,0,0.1,0,1.0026155
RW25,1,0.968918095597688,0,0.1,0,1.0145324
RW25,2,0.9414534545922638,0,0.1,0,0.98571587
RW25,3,0.9123147456691004,0,0.1,0,0.9566943
RW25,4,0.888189503733068,0,0.1,0,0.9297209
RW25,5,0.8696823709546798,0,0.1,0,0.90296817
RW25,6,0.8537549502050074,0,0.1,0,0.8775325
RW25,7,0.8375259921719959,0,0.1,0,0.8518917
RW25,8,0.8193673257776384,0,0.1,0,0.82646716
RW25,9,0.8135065611667396,0,0.1,0,0.80204123
RW25,10,0.803434694880542,0,0.1,0,0.77807975
RW25,11,0.7943807611523241,0,0.1,0,0.7537377
RW25,12,0.7853815339720616,0,0.1,0,0.7301794
RW3,0,1.0,0,0.1,0,0.995916
RW3,1,0.9687426932522573,0,0.1,0,0.9617129
RW3,2,0.929211084462392,0,0.1,0,0.9366554
RW3,3,0.8970072599473418,0,0.1,0,0.9116664
RW3,4,0.8739883587909667,0,0.1,0,0.88713217
RW3,5,0.8483648360418079,0,0.1,0,0.8547198
RW3,6,0.834035367164592,0,0.1,0,0.82476586
RW3,7,0.8165629846823869,0,0.1,0,0.80200636
RW3,8,0.7932890383246501,0,0.1,0,0.78228354
RW3,9,0.8102317992092032,0,0.1,0,0.7655689
RW3,10,0.7772348372341118,0,0.1,0,0.7429688
RW3,11,0.758047293748471,0,0.1,0,0.7224046
RW3,12,0.7406746149745171,0,0.1,0,0.7040101
RW3,13,0.7142042200057844,0,0.1,0,0.68710935
RW3,14,0.6871908455658011,0,0.1,0,0.6732004
RW3,15,0.6654079726651321,0,0.1,0,0.6615941
RW3,16,0.6625411808641404,0,0.1,0,0.65467876
RW3,17,0.6492046234819603,0,0.1,0,0.648408
RW3,18,0.6150347872417288,0,0.1,0,0.6451755
RW3,19,0.6042370279644296,0,0.1,0,0.6425859
RW3,20,0.5462918454573739,0,0.1,0,0.64165723
RW3,21,0.5294258363488458,0,0.1,0,0.64374095
RW9,0,1.0,0,0.1,0,1.0022682
RW9,1,0.9744806801719121,0,0.1,0,0.98195136
RW9,2,0.9453104679064025,0,0.1,0,0.94812274
RW9,3,0.911360857317688,0,0.1,0,0.9182303
RW9,4,0.8847866727225885,0,0.1,0,0.8878415
RW9,5,0.8406944835087043,0,0.1,0,0.8608931
RW9,6,0.8176901280788624,0,0.1,0,0.8349336
RW9,7,0.7864030549959673,0,0.1,0,0.8102112
RW9,8,0.7628733089042045,0,0.1,0,0.7873531
RW9,9,0.7266047623827654,0,0.1,0,0.76650006
RW9,10,0.6950317886415597,0,0.1,0,0.7482385
RW9,11,0.6756574638458637,0,0.1,0,0.7306891
RW9,12,0.6603653366488433,0,0.1,0,0.7155651
RW9,13,0.6964212062092479,0,0.1,0,0.71709096
RW9,14,0.6472003063742006,0,0.1,0,0.70343375
RW9,15,0.6351750298406914,0,0.1,0,0.69193447
RW9,16,0.6165428117187594,0,0.1,0,0.68110293
RW9,17,0.5964223557750638,0,0.1,0,0.67074245
RW9,18,0.59783807785969,0,0.1,0,0.6620821
RW9,19,0.5791340224765132,0,0.1,0,0.6530468
RW9,20,0.572651808445847,0,0.1,0,0.64512795
RW9,21,0.5654329871052775,0,0.1,0,0.6377289
RW9,22,0.5530896777273546,0,0.1,0,0.6311042
RW9,23,0.542052740223641,0,0.1,0,0.6244214
RW9,24,0.534245247108605,0,0.1,0,0.61876494
RW9,25,0.5310967487165805,0,0.1,0,0.6139167
RW9,26,0.5130674490339593,0,0.1,0,0.60869265
RW9,27,0.5178543420622359,0,0.1,0,0.6035681
RW9,28,0.5073736155103112,0,0.1,0,0.5983448
RW9,29,0.5062313423318389,0,0.1,0,0.5942441
RW9,30,0.4936209036779812,0,0.1,0,0.58945143
RW9,31,0.4789604612310552,0,0.1,0,0.58497995
RW9,32,0.5040541243406096,0,0.1,0,0.589286
RW9,33,0.4707276486475776,0,0.1,0,0.5844457
RW9,34,0.45110138474628303,0,0.1,0,0.57986856
RW9,35,0.4162269401905226,0,0.1,0,0.57576543
RW9,36,0.39630758405323846,0,0.1,0,0.5727203
RW9,37,0.37288217447495453,0,0.1,0,0.57020545
RW9,38,0.3621987887485223,0,0.1,0,0.5679017
RW9,39,0.3575388160665002,0,0.1,0,0.5658332
